{"accuracy": 4.1193245714710605, "loss": 5.956051908037718, "_timestamp": 1687369769, "_runtime": 294, "_step": 0}