{"accuracy": 3.291616217551693, "loss": 4.499032974243164, "_timestamp": 1687363320.889786, "_runtime": 655.0479519367218, "_step": 1, "_wandb": {"runtime": 667}}