{"accuracy": 3.2278333898513547, "loss": 3.4611574414796245, "_timestamp": 1687374426, "_runtime": 567, "_step": 1}