{"accuracy": 3.1062604558083318, "loss": 3.1144957132573676, "_timestamp": 1687373374, "_runtime": 1040, "_step": 3}