{"loss": "5.8399863251272714", "val loss": "4.119883652271763", "_timestamp": 1687471694.257513, "_runtime": 340.6245160102844, "_step": 0, "_wandb": {"runtime": 534}}