{"accuracy": 3.096847355365753, "loss": 3.211913314837854, "_timestamp": 1687371830, "_runtime": 523, "_step": 1}